,Project_x,PercentageSold,NumUnitsLaunchedToDate,NumUnitsSoldToDate,District_x,Street,HighestPricePerSQFT,LowestPricePerSQFT,MediumPricePerSQFT,MarketSegment,SoldInMonth,Postal,Latitude,Longitude,Project_y,District_y,Rent,PricePerSqft
0,CAYMAN RESIDENCES,47.37,19,9,15,EAST COAST AVENUE,15.0,15.0,15.0,OCR,0,NIL,1.30982421000159,103.923305002329,,,,
1,CAYMAN RESIDENCES,47.37,19,9,15,EAST COAST AVENUE,15.0,15.0,15.0,OCR,0,454958,1.30893240892842,103.922573359187,EIGHT @ EAST COAST,8.0,2800.0,4.0
2,CAYMAN RESIDENCES,47.37,19,9,15,EAST COAST AVENUE,15.0,15.0,15.0,OCR,0,459170,1.30872467557468,103.922132141083,LIAN VILLAS,21.0,2050.0,4.1
3,GRANDEUR PARK RESIDENCES,97.08,720,699,16,BEDOK SOUTH AVENUE 3,16.0,16.0,16.0,OCR,0,469298,1.3215916449101102,103.94467113581,BEDOK COURT,10.0,3200.0,2.91
4,GRANDEUR PARK RESIDENCES,97.08,720,699,16,BEDOK SOUTH AVENUE 3,16.0,16.0,16.0,OCR,0,465460,1.3229311859666102,103.945125602145,ECO,19.0,1800.0,3.0
5,THE FLORENCE RESIDENCES,38.5,200,77,19,HOUGANG AVENUE 2,19.0,19.0,19.0,OCR,77,NIL,1.3684079675516998,103.883956472689,FLORENCE REGENCY,9.0,6000.0,3.53
6,REZI 24,3.64,110,4,14,LORONG 24 GEYLANG,14.0,14.0,14.0,RCR,4,398628,1.3120699913603702,103.883562422294,THE OCTET,11.0,2500.0,2.5
7,REZI 24,3.64,110,4,14,LORONG 24 GEYLANG,14.0,14.0,14.0,RCR,4,NIL,1.3120304535969198,103.883335850644,# 1 LOFT,15.0,1550.0,3.1
8,REZI 24,3.64,110,4,14,LORONG 24 GEYLANG,14.0,14.0,14.0,RCR,4,398623,1.31231784749153,103.88353231795901,EDENZ LOFT,11.0,7000.0,4.38
9,THE OCTET,98.21,56,55,14,LORONG 24 GEYLANG,14.0,14.0,14.0,RCR,0,398628,1.3120699913603702,103.883562422294,THE OCTET,11.0,2500.0,2.5
10,THE OCTET,98.21,56,55,14,LORONG 24 GEYLANG,14.0,14.0,14.0,RCR,0,NIL,1.3120304535969198,103.883335850644,# 1 LOFT,15.0,1550.0,3.1
11,THE OCTET,98.21,56,55,14,LORONG 24 GEYLANG,14.0,14.0,14.0,RCR,0,398623,1.31231784749153,103.88353231795901,EDENZ LOFT,11.0,7000.0,4.38
12,ARTRA,79.5,400,318,3,ALEXANDRA VIEW,3.0,3.0,3.0,RCR,2,158744,1.29056999681589,103.81900078172801,ALEX RESIDENCES,10.0,5900.0,2.36
13,ARTRA,79.5,400,318,3,ALEXANDRA VIEW,3.0,3.0,3.0,RCR,2,158742,1.29060694545578,103.817866920135,ECHELON,3.0,6900.0,3.29
14,ARTRA,79.5,400,318,3,ALEXANDRA VIEW,3.0,3.0,3.0,RCR,2,158748,1.29094473172584,103.81700011525801,ASCENTIA SKY,10.0,3300.0,3.3
15,ARTRA,79.5,400,318,3,ALEXANDRA VIEW,3.0,3.0,3.0,RCR,2,158747,1.29047734223073,103.81601645096,THE METROPOLITAN CONDOMINIUM,9.0,3300.0,4.13
16,MARTIN MODERN,91.59,345,316,9,MARTIN PLACE,9.0,9.0,9.0,CCR,7,NIL,1.2943551762781005,103.83825072044701,MARTIN PLACE RESIDENCES,5.0,2600.0,3.71
17,HILLSGROVE,41.67,12,5,19,HILLSIDE DRIVE,19.0,19.0,19.0,OCR,0,549018,1.36080266789911,103.87501895520701,HILBRE28,15.0,6800.0,2.34
18,HILLSGROVE,41.67,12,5,19,HILLSIDE DRIVE,19.0,19.0,19.0,OCR,0,549036,1.35944493520846,103.876763724191,FORTUNA HILL,11.0,2600.0,2.6
19,HILLSGROVE,41.67,12,5,19,HILLSIDE DRIVE,19.0,19.0,19.0,OCR,0,549010,1.36001603205553,103.87477128837,D'HIRO@HILLSIDE,9.0,3800.0,3.8
20,DUO RESIDENCES,99.55,660,657,7,FRASER STREET,7.0,7.0,7.0,CCR,0,189350,1.29916295967819,103.857859536947,DUO RESIDENCES,17.0,1900.0,3.17
21,TREASURE CREST,99.8,504,503,19,ANCHORVALE CRESCENT,19.0,19.0,19.0,OCR,2,544628,1.3967568980943,103.893462037031,THE VALES,20.0,5600.0,1.24
22,REZI 35,100.0,44,44,14,LORONG 35 GEYLANG,14.0,14.0,14.0,RCR,1,387940,1.31519274509408,103.888717526279,BAODE BUILDING,14.0,2550.0,2.13
23,REZI 35,100.0,44,44,14,LORONG 35 GEYLANG,14.0,14.0,14.0,RCR,1,387951,1.31592711089773,103.88894872228,FUYUEN COURT,15.0,3600.0,2.57
24,REZI 35,100.0,44,44,14,LORONG 35 GEYLANG,14.0,14.0,14.0,RCR,1,387945,1.3156720265986102,103.88835061070401,REGAL 35,9.0,5600.0,3.29
25,REZI 35,100.0,44,44,14,LORONG 35 GEYLANG,14.0,14.0,14.0,RCR,1,387935,1.31481743950627,103.88837697798701,CENTRA LOFT,13.0,2000.0,3.33
26,SIXTEEN35 RESIDENCES,100.0,60,60,14,LORONG 35 GEYLANG,14.0,14.0,14.0,RCR,0,387940,1.31519274509408,103.888717526279,BAODE BUILDING,14.0,2550.0,2.13
27,SIXTEEN35 RESIDENCES,100.0,60,60,14,LORONG 35 GEYLANG,14.0,14.0,14.0,RCR,0,387951,1.31592711089773,103.88894872228,FUYUEN COURT,15.0,3600.0,2.57
28,SIXTEEN35 RESIDENCES,100.0,60,60,14,LORONG 35 GEYLANG,14.0,14.0,14.0,RCR,0,387945,1.3156720265986102,103.88835061070401,REGAL 35,9.0,5600.0,3.29
29,SIXTEEN35 RESIDENCES,100.0,60,60,14,LORONG 35 GEYLANG,14.0,14.0,14.0,RCR,0,387935,1.31481743950627,103.88837697798701,CENTRA LOFT,13.0,2000.0,3.33
30,CARPMAEL THIRTY-EIGHT,68.75,16,11,15,CARPMAEL ROAD,15.0,15.0,15.0,RCR,1,NIL,1.31077293553134,103.899849716962,,,,
31,CARPMAEL THIRTY-EIGHT,68.75,16,11,15,CARPMAEL ROAD,15.0,15.0,15.0,RCR,1,429777,1.31333507289498,103.897675933529,SHEBA LODGE,18.0,2200.0,4.4
32,M5,33.33,33,11,10,JALAN MUTIARA,10.0,10.0,10.0,CCR,1,249212,1.29636917998733,103.82842632859399,LATITUDE,10.0,3300.0,3.0
33,M5,33.33,33,11,10,JALAN MUTIARA,10.0,10.0,10.0,CCR,1,249183,1.29586840547879,103.829376171741,MUTIARA CREST,10.0,7300.0,3.48
34,M5,33.33,33,11,10,JALAN MUTIARA,10.0,10.0,10.0,CCR,1,249226,1.29664885234735,103.82725394849399,MUTIARA VIEW,10.0,3000.0,4.29
35,M5,33.33,33,11,10,JALAN MUTIARA,10.0,10.0,10.0,CCR,1,249188,1.2962220784416398,103.82908544854999,THE MONTANA,9.0,2500.0,5.0
36,M5,33.33,33,11,10,JALAN MUTIARA,10.0,10.0,10.0,CCR,1,249226,1.29664885234735,103.82725394849399,DRAGON VIEW PARK,9.0,2400.0,6.0
37,ASPEN LINQ,94.44,18,17,9,INSTITUTION HILL,9.0,9.0,9.0,CCR,0,239669,1.29534157993432,103.83984438568301,ASPEN LINQ,10.0,5900.0,3.28
38,ASCENT @ 456,96.43,28,27,12,BALESTIER ROAD,12.0,12.0,12.0,RCR,0,329929,1.3216258845396298,103.852170059769,SCENIC HEIGHTS,22.0,2300.0,1.53
39,ASCENT @ 456,96.43,28,27,12,BALESTIER ROAD,12.0,12.0,12.0,RCR,0,329731,1.32297705868269,103.852811284107,BALESTIER 288,23.0,2000.0,1.82
40,ASCENT @ 456,96.43,28,27,12,BALESTIER ROAD,12.0,12.0,12.0,RCR,0,329714,1.3221334282275,103.85319966187201,OKIO,27.0,2550.0,2.32
41,ASCENT @ 456,96.43,28,27,12,BALESTIER ROAD,12.0,12.0,12.0,RCR,0,329857,1.3271687447425702,103.845518560598,MONVILLE MANSIONS,20.0,2700.0,2.45
42,ASCENT @ 456,96.43,28,27,12,BALESTIER ROAD,12.0,12.0,12.0,RCR,0,329928,1.32129563232504,103.85252610952801,ROCCA BALESTIER,15.0,3250.0,2.5
43,ASCENT @ 456,96.43,28,27,12,BALESTIER ROAD,12.0,12.0,12.0,RCR,0,329802,1.32572472557094,103.850395374025,BALESTIER PLAZA,14.0,2900.0,2.64
44,ASCENT @ 456,96.43,28,27,12,BALESTIER ROAD,12.0,12.0,12.0,RCR,0,329779,1.32519991303347,103.85101689287399,SHAW PLAZA - TWIN HEIGHTS,23.0,3200.0,2.67
45,ASCENT @ 456,96.43,28,27,12,BALESTIER ROAD,12.0,12.0,12.0,RCR,0,329699,1.32129143429011,103.852179456118,CITY SUITES,15.0,1900.0,2.71
46,ASCENT @ 456,96.43,28,27,12,BALESTIER ROAD,12.0,12.0,12.0,RCR,0,NIL,1.32329968680898,103.852242703876,,,,
47,ASCENT @ 456,96.43,28,27,12,BALESTIER ROAD,12.0,12.0,12.0,RCR,0,329776,1.3249498805830802,103.85260455645901,RITZ MANSIONS,7.0,3300.0,3.3
48,ASCENT @ 456,96.43,28,27,12,BALESTIER ROAD,12.0,12.0,12.0,RCR,0,329853,1.32697693485955,103.845903319079,VIIO @ BALESTIER,14.0,1650.0,3.3
49,ASCENT @ 456,96.43,28,27,12,BALESTIER ROAD,12.0,12.0,12.0,RCR,0,329701,1.32184413934143,103.853334117435,URBAN HERITAGE,4.0,8300.0,3.46
50,ASCENT @ 456,96.43,28,27,12,BALESTIER ROAD,12.0,12.0,12.0,RCR,0,329682,1.32052452836712,103.85244734031299,THE MEZZO,4.0,7500.0,3.57
51,ASCENT @ 456,96.43,28,27,12,BALESTIER ROAD,12.0,12.0,12.0,RCR,0,329832,1.32657360790911,103.848359893837,ASCENT @ 456,3.0,5100.0,3.64
52,ASCENT @ 456,96.43,28,27,12,BALESTIER ROAD,12.0,12.0,12.0,RCR,0,329778,1.32532977793952,103.852411690265,PRESTIGE HEIGHTS,7.0,3300.0,3.67
53,ASCENT @ 456,96.43,28,27,12,BALESTIER ROAD,12.0,12.0,12.0,RCR,0,329727,1.3228119372874,103.852026274201,BALESTIER POINT,9.0,2600.0,6.5
54,THE POIZ RESIDENCES,99.45,731,727,13,MEYAPPA CHETTIAR ROAD,13.0,13.0,13.0,RCR,0,358458,1.33057571803681,103.867633781248,AO JIANG APARTMENTS,19.0,2500.0,2.5
55,THE POIZ RESIDENCES,99.45,731,727,13,MEYAPPA CHETTIAR ROAD,13.0,13.0,13.0,RCR,0,358459,1.33067325977267,103.867454592316,RIDGE COURT,8.0,3000.0,2.73
56,THE POIZ RESIDENCES,99.45,731,727,13,MEYAPPA CHETTIAR ROAD,13.0,13.0,13.0,RCR,0,358464,1.33089008745422,103.86689665078,CASA MEYA,9.0,3000.0,3.75
57,THE ADDITION,73.08,26,19,13,MEYAPPA CHETTIAR ROAD,13.0,13.0,13.0,RCR,2,358458,1.33057571803681,103.867633781248,AO JIANG APARTMENTS,19.0,2500.0,2.5
58,THE ADDITION,73.08,26,19,13,MEYAPPA CHETTIAR ROAD,13.0,13.0,13.0,RCR,2,358459,1.33067325977267,103.867454592316,RIDGE COURT,8.0,3000.0,2.73
59,THE ADDITION,73.08,26,19,13,MEYAPPA CHETTIAR ROAD,13.0,13.0,13.0,RCR,2,358464,1.33089008745422,103.86689665078,CASA MEYA,9.0,3000.0,3.75
60,183 LONGHAUS,97.5,40,39,20,UPPER THOMSON ROAD,20.0,20.0,20.0,RCR,0,NIL,1.3755993092840002,103.828438921519,,,,
61,183 LONGHAUS,97.5,40,39,20,UPPER THOMSON ROAD,20.0,20.0,20.0,RCR,0,574418,1.3717569736134,103.828179854072,PEIRCE VIEW,21.0,4200.0,3.0
62,183 LONGHAUS,97.5,40,39,20,UPPER THOMSON ROAD,20.0,20.0,20.0,RCR,0,NIL,1.3755993092840002,103.828438921519,LAKEVIEW ESTATE,19.0,3000.0,3.0
63,183 LONGHAUS,97.5,40,39,20,UPPER THOMSON ROAD,20.0,20.0,20.0,RCR,0,574424,1.35184499157064,103.83605364829201,THOMSON IMPERIAL COURT,10.0,8000.0,3.64
64,183 LONGHAUS,97.5,40,39,20,UPPER THOMSON ROAD,20.0,20.0,20.0,RCR,0,NIL,1.3755993092840002,103.828438921519,,,,
65,183 LONGHAUS,97.5,40,39,20,UPPER THOMSON ROAD,20.0,20.0,20.0,RCR,0,787133,1.38135605941275,103.82742465911501,MEADOWS @ PEIRCE,9.0,2600.0,3.71
66,183 LONGHAUS,97.5,40,39,20,UPPER THOMSON ROAD,20.0,20.0,20.0,RCR,0,574409,1.35665447059555,103.828736711218,THREE 11,9.0,3200.0,4.0
67,THE RED HOUSE,57.14,35,20,15,EAST COAST ROAD,15.0,15.0,15.0,RCR,0,459108,1.31205928208955,103.924449849436,THE DOMAIN,13.0,6500.0,1.44
68,THE RED HOUSE,57.14,35,20,15,EAST COAST ROAD,15.0,15.0,15.0,RCR,0,458970,1.3082725776305,103.91900309759501,OCEAN PARK,21.0,2650.0,1.89
69,THE RED HOUSE,57.14,35,20,15,EAST COAST ROAD,15.0,15.0,15.0,RCR,0,459107,1.31291496683249,103.92472167775499,SPRINGVALE,15.0,4000.0,2.35
70,THE RED HOUSE,57.14,35,20,15,EAST COAST ROAD,15.0,15.0,15.0,RCR,0,NIL,1.30917274080058,103.913299706791,,,,
71,THE RED HOUSE,57.14,35,20,15,EAST COAST ROAD,15.0,15.0,15.0,RCR,0,428762,1.30414392147879,103.90304092286199,MODA,10.0,5000.0,2.5
72,THE RED HOUSE,57.14,35,20,15,EAST COAST ROAD,15.0,15.0,15.0,RCR,0,429026,1.30941222815183,103.912606742916,HERITAGE EAST,14.0,2300.0,2.56
73,THE RED HOUSE,57.14,35,20,15,EAST COAST ROAD,15.0,15.0,15.0,RCR,0,429065,1.30981699540352,103.914314726376,MAYFAIR RESIDENCES,19.0,3200.0,2.91
74,THE RED HOUSE,57.14,35,20,15,EAST COAST ROAD,15.0,15.0,15.0,RCR,0,428722,1.30468470970715,103.901888571632,THE ODEON KATONG,14.0,1900.0,3.17
75,THE RED HOUSE,57.14,35,20,15,EAST COAST ROAD,15.0,15.0,15.0,RCR,0,NIL,1.30917274080058,103.913299706791,,,,
76,THE RED HOUSE,57.14,35,20,15,EAST COAST ROAD,15.0,15.0,15.0,RCR,0,429081,1.3103683207593202,103.915953870775,AURALIS,4.0,5500.0,3.24
77,THE RED HOUSE,57.14,35,20,15,EAST COAST ROAD,15.0,15.0,15.0,RCR,0,459135,1.30955905953911,103.91834862143101,COASTARINA,9.0,2700.0,3.38
78,THE RED HOUSE,57.14,35,20,15,EAST COAST ROAD,15.0,15.0,15.0,RCR,0,429021,1.30882433610905,103.913449991483,448@EAST COAST,10.0,3800.0,3.45
79,THE RED HOUSE,57.14,35,20,15,EAST COAST ROAD,15.0,15.0,15.0,RCR,0,429073,1.30987770054421,103.91507749678301,THE SOUND,3.0,4900.0,3.5
80,THE RED HOUSE,57.14,35,20,15,EAST COAST ROAD,15.0,15.0,15.0,RCR,0,NIL,1.30917274080058,103.913299706791,KATONG OMEGA APARTMENTS,2.0,3400.0,3.78
81,THE RED HOUSE,57.14,35,20,15,EAST COAST ROAD,15.0,15.0,15.0,RCR,0,459007,1.31125206992855,103.921737475803,UNITED MANSION,10.0,4200.0,3.82
82,THE RED HOUSE,57.14,35,20,15,EAST COAST ROAD,15.0,15.0,15.0,RCR,0,428769,1.30335696401523,103.904685504029,EAST GROVE,11.0,2400.0,4.8
83,THE RED HOUSE,57.14,35,20,15,EAST COAST ROAD,15.0,15.0,15.0,RCR,0,428960,1.30881328700272,103.90985753685301,POSHGROVE EAST,9.0,2500.0,6.25
84,URBAN VILLAS,71.43,7,5,19,PAYA LEBAR CRESCENT,19.0,19.0,19.0,OCR,1,NIL,1.34952347675613,103.880479560399,,,,
85,URBAN VILLAS,71.43,7,5,19,PAYA LEBAR CRESCENT,19.0,19.0,19.0,OCR,1,534239,1.35025662393928,103.880579427111,TANGERINE GROVE,2.0,3000.0,6.0
86,NEEM TREE,86.11,72,62,12,JALAN KEMAMAN,12.0,12.0,12.0,RCR,1,NIL,1.32662941011712,103.85053192754,,,,
87,NEEM TREE,86.11,72,62,12,JALAN KEMAMAN,12.0,12.0,12.0,RCR,1,NIL,1.32662941011712,103.85053192754,KEMAMAN POINT,19.0,3000.0,3.33
88,THE NAVIAN,89.58,48,43,14,JALAN EUNOS,14.0,14.0,14.0,OCR,0,419535,1.32944642211592,103.905720836103,EUNOS MANSION,12.0,1800.0,3.6
89,THE NAVIAN,89.58,48,43,14,JALAN EUNOS,14.0,14.0,14.0,OCR,0,415816,1.32821242346437,103.907086070579,EUHABITAT,19.0,3400.0,3.78
90,THE ALPS RESIDENCES,98.4,626,616,18,TAMPINES STREET 86,18.0,18.0,18.0,OCR,1,528574,1.3519665929749598,103.928141877106,THE SANTORINI,10.0,18000.0,2.4
91,THE ALPS RESIDENCES,98.4,626,616,18,TAMPINES STREET 86,18.0,18.0,18.0,OCR,1,528591,1.3512844009602298,103.927174717066,Q BAY RESIDENCES,11.0,5000.0,2.63
92,THE TAPESTRY,87.43,700,612,18,TAMPINES STREET 86,18.0,18.0,18.0,OCR,30,528574,1.3519665929749598,103.928141877106,THE SANTORINI,10.0,18000.0,2.4
93,THE TAPESTRY,87.43,700,612,18,TAMPINES STREET 86,18.0,18.0,18.0,OCR,30,528591,1.3512844009602298,103.927174717066,Q BAY RESIDENCES,11.0,5000.0,2.63
94,PARK PLACE RESIDENCES AT PLQ,97.9,429,420,14,PAYA LEBAR ROAD,14.0,14.0,14.0,RCR,4,409044,1.33049714674008,103.88840926878099,LE CRESCENDO,23.0,5200.0,2.89
95,PARK PLACE RESIDENCES AT PLQ,97.9,429,420,14,PAYA LEBAR ROAD,14.0,14.0,14.0,RCR,4,409050,1.31573579353368,103.891560467041,LOTUS AT PAYA LEBAR,12.0,2000.0,4.0
96,PARK PLACE RESIDENCES AT PLQ,97.9,429,420,14,PAYA LEBAR ROAD,14.0,14.0,14.0,RCR,4,409042,1.31752143815245,103.89147565473301,PAYA LEBAR RESIDENCES,14.0,3200.0,4.57
97,KALEIDO,35.71,14,5,15,LORONG K TELOK KURAU,15.0,15.0,15.0,OCR,0,425692,1.31336049179577,103.911481522688,HEJI GARDENS,11.0,9250.0,1.68
98,KALEIDO,35.71,14,5,15,LORONG K TELOK KURAU,15.0,15.0,15.0,OCR,0,425767,1.31337005210125,103.914756218153,SUNNY PARC,21.0,2800.0,1.87
99,KALEIDO,35.71,14,5,15,LORONG K TELOK KURAU,15.0,15.0,15.0,OCR,0,425687,1.31266290803797,103.911509004252,THE CRISTALLO,23.0,2400.0,2.0
100,KALEIDO,35.71,14,5,15,LORONG K TELOK KURAU,15.0,15.0,15.0,OCR,0,425645,1.31258903464673,103.908809979121,SENG HUA GARDENS,18.0,2750.0,2.12
101,KALEIDO,35.71,14,5,15,LORONG K TELOK KURAU,15.0,15.0,15.0,OCR,0,425780,1.3123262776796498,103.910392393704,NATURE MANSIONS,23.0,3000.0,2.31
102,KALEIDO,35.71,14,5,15,LORONG K TELOK KURAU,15.0,15.0,15.0,OCR,0,425781,1.31208372170509,103.908643115632,THE AMERY,18.0,2100.0,2.33
103,KALEIDO,35.71,14,5,15,LORONG K TELOK KURAU,15.0,15.0,15.0,OCR,0,425672,1.31262539510929,103.911249147718,SAPPHIRE COURT,15.0,3750.0,2.68
104,KALEIDO,35.71,14,5,15,LORONG K TELOK KURAU,15.0,15.0,15.0,OCR,0,425666,1.31233587446049,103.90995011171199,VERANDA,21.0,2800.0,2.8
105,KALEIDO,35.71,14,5,15,LORONG K TELOK KURAU,15.0,15.0,15.0,OCR,0,425702,1.31293789129593,103.91205074521,PALM GALLERIA,21.0,2900.0,2.9
106,KALEIDO,35.71,14,5,15,LORONG K TELOK KURAU,15.0,15.0,15.0,OCR,0,425790,1.3133602687065902,103.91531116708299,SUNNYVALE RESIDENCES,13.0,2800.0,3.11
107,KALEIDO,35.71,14,5,15,LORONG K TELOK KURAU,15.0,15.0,15.0,OCR,0,425769,1.31353809863099,103.91494439166901,LA VIDA @ 130,15.0,1700.0,3.4
108,KALEIDO,35.71,14,5,15,LORONG K TELOK KURAU,15.0,15.0,15.0,OCR,0,425777,1.31407531151467,103.91519670402701,GOLD PALM MANSIONS,15.0,1800.0,3.6
109,KALEIDO,35.71,14,5,15,LORONG K TELOK KURAU,15.0,15.0,15.0,OCR,0,NIL,1.31308143682535,103.911770973104,,,,
110,KALEIDO,35.71,14,5,15,LORONG K TELOK KURAU,15.0,15.0,15.0,OCR,0,NIL,1.31308143682535,103.911770973104,CASTLE LOFT,10.0,2700.0,3.86
111,KALEIDO,35.71,14,5,15,LORONG K TELOK KURAU,15.0,15.0,15.0,OCR,0,425653,1.31228274672901,103.90955975689,COSTA ESTE,10.0,8791.0,4.0
112,KALEIDO,35.71,14,5,15,LORONG K TELOK KURAU,15.0,15.0,15.0,OCR,0,425774,1.31407021454554,103.914849369981,E-SPACE,9.0,2500.0,4.17
113,KALEIDO,35.71,14,5,15,LORONG K TELOK KURAU,15.0,15.0,15.0,OCR,0,425604,1.3119115433548998,103.907721956198,KINGS APARTMENTS,10.0,12160.0,4.19
114,KALEIDO,35.71,14,5,15,LORONG K TELOK KURAU,15.0,15.0,15.0,OCR,0,425710,1.31289479727388,103.912335625355,ESPIRA RESIDENCE,2.0,2900.0,4.83
115,KALEIDO,35.71,14,5,15,LORONG K TELOK KURAU,15.0,15.0,15.0,OCR,0,425711,1.31343809193915,103.91201252096,CUBIK,8.0,3400.0,4.86
116,35 GILSTEAD,8.57,35,3,11,GILSTEAD ROAD,11.0,11.0,11.0,CCR,3,309065,1.3160894142612298,103.83857979718701,MORIMASA GARDENS,23.0,2300.0,2.09
117,35 GILSTEAD,8.57,35,3,11,GILSTEAD ROAD,11.0,11.0,11.0,CCR,3,309115,1.31933889846687,103.84041879007499,GILSTEAD MANSION,15.0,3200.0,2.29
118,35 GILSTEAD,8.57,35,3,11,GILSTEAD ROAD,11.0,11.0,11.0,CCR,3,307460,1.31871823757918,103.839116638344,VILLAS @ GILSTEAD,15.0,2400.0,2.67
119,35 GILSTEAD,8.57,35,3,11,GILSTEAD ROAD,11.0,11.0,11.0,CCR,3,309061,1.31496035037873,103.838459402687,GILSTEAD TWO,10.0,3500.0,2.69
120,35 GILSTEAD,8.57,35,3,11,GILSTEAD ROAD,11.0,11.0,11.0,CCR,3,309082,1.31814186950606,103.83915108571101,GILSTEAD 38,27.0,1900.0,3.17
121,35 GILSTEAD,8.57,35,3,11,GILSTEAD ROAD,11.0,11.0,11.0,CCR,3,309104,1.3185676533009598,103.840268808403,THE ARMADALE,3.0,2800.0,3.5
122,35 GILSTEAD,8.57,35,3,11,GILSTEAD ROAD,11.0,11.0,11.0,CCR,3,NIL,1.31902768351346,103.839939723943,LUXURY APARTMENTS,15.0,1750.0,3.5
123,35 GILSTEAD,8.57,35,3,11,GILSTEAD ROAD,11.0,11.0,11.0,CCR,3,NIL,1.31902768351346,103.839939723943,GILSTEAD BROOKS,11.0,2500.0,4.17
124,35 GILSTEAD,8.57,35,3,11,GILSTEAD ROAD,11.0,11.0,11.0,CCR,3,309098,1.31859814644669,103.839822345285,GILSTEAD COURT,11.0,5500.0,5.0
125,35 GILSTEAD,8.57,35,3,11,GILSTEAD ROAD,11.0,11.0,11.0,CCR,3,NIL,1.31902768351346,103.839939723943,,,,
126,35 GILSTEAD,8.57,35,3,11,GILSTEAD ROAD,11.0,11.0,11.0,CCR,3,307430,1.31890409229618,103.841058051663,GILSTEAD 68,9.0,2700.0,5.4
127,PETIT JERVOIS,100.0,1,1,10,JERVOIS ROAD,10.0,10.0,10.0,CCR,0,249033,1.29438332889009,103.822532930933,JERVOISVILLE,28.0,3200.0,1.07
128,PETIT JERVOIS,100.0,1,1,10,JERVOIS ROAD,10.0,10.0,10.0,CCR,0,249034,1.2941930917953202,103.823247232673,JERVOIS LODGE,21.0,2200.0,2.0
129,PETIT JERVOIS,100.0,1,1,10,JERVOIS ROAD,10.0,10.0,10.0,CCR,0,249003,1.2926143008836102,103.824039827245,JERVOIS MANSIONS,19.0,2650.0,2.21
130,PETIT JERVOIS,100.0,1,1,10,JERVOIS ROAD,10.0,10.0,10.0,CCR,0,249063,1.29488940916723,103.816655765912,JERVOIS MEADOWS,15.0,2600.0,2.6
131,PETIT JERVOIS,100.0,1,1,10,JERVOIS ROAD,10.0,10.0,10.0,CCR,0,NIL,1.29469446566934,103.820835566971,JJ'S RESIDENCES @ JERVOIS,13.0,3200.0,2.67
132,PETIT JERVOIS,100.0,1,1,10,JERVOIS ROAD,10.0,10.0,10.0,CCR,0,247656,1.2938490755616798,103.821581749873,MON JERVOIS,4.0,5300.0,3.12
133,PETIT JERVOIS,100.0,1,1,10,JERVOIS ROAD,10.0,10.0,10.0,CCR,0,NIL,1.29469446566934,103.820835566971,JERVOIS GREEN,10.0,3600.0,3.27
134,PETIT JERVOIS,100.0,1,1,10,JERVOIS ROAD,10.0,10.0,10.0,CCR,0,249047,1.29429553529137,103.82143115320999,DORMER PARK,3.0,5543.0,3.46
135,PETIT JERVOIS,100.0,1,1,10,JERVOIS ROAD,10.0,10.0,10.0,CCR,0,249055,1.29473553604744,103.818989337771,CASA JERVOIS,12.0,1750.0,3.5
136,PETIT JERVOIS,100.0,1,1,10,JERVOIS ROAD,10.0,10.0,10.0,CCR,0,249041,1.29319467137094,103.822688038962,SRI MENANTI ESTATE,11.0,3800.0,3.8
137,PETIT JERVOIS,100.0,1,1,10,JERVOIS ROAD,10.0,10.0,10.0,CCR,0,249056,1.29489580072094,103.81856774498002,JERVOIS GROVE,3.0,3200.0,4.0
138,PETIT JERVOIS,100.0,1,1,10,JERVOIS ROAD,10.0,10.0,10.0,CCR,0,249081,1.29449097781881,103.822065328522,JERVOIS REGENCY,8.0,3100.0,4.43
139,PETIT JERVOIS,100.0,1,1,10,JERVOIS ROAD,10.0,10.0,10.0,CCR,0,NIL,1.29469446566934,103.820835566971,LOTUS AT JERVOIS,9.0,2700.0,6.75
140,38 JERVOIS,37.04,27,10,10,JERVOIS ROAD,10.0,10.0,10.0,CCR,0,249033,1.29438332889009,103.822532930933,JERVOISVILLE,28.0,3200.0,1.07
141,38 JERVOIS,37.04,27,10,10,JERVOIS ROAD,10.0,10.0,10.0,CCR,0,249034,1.2941930917953202,103.823247232673,JERVOIS LODGE,21.0,2200.0,2.0
142,38 JERVOIS,37.04,27,10,10,JERVOIS ROAD,10.0,10.0,10.0,CCR,0,249003,1.2926143008836102,103.824039827245,JERVOIS MANSIONS,19.0,2650.0,2.21
143,38 JERVOIS,37.04,27,10,10,JERVOIS ROAD,10.0,10.0,10.0,CCR,0,249063,1.29488940916723,103.816655765912,JERVOIS MEADOWS,15.0,2600.0,2.6
144,38 JERVOIS,37.04,27,10,10,JERVOIS ROAD,10.0,10.0,10.0,CCR,0,NIL,1.29469446566934,103.820835566971,JJ'S RESIDENCES @ JERVOIS,13.0,3200.0,2.67
145,38 JERVOIS,37.04,27,10,10,JERVOIS ROAD,10.0,10.0,10.0,CCR,0,247656,1.2938490755616798,103.821581749873,MON JERVOIS,4.0,5300.0,3.12
146,38 JERVOIS,37.04,27,10,10,JERVOIS ROAD,10.0,10.0,10.0,CCR,0,NIL,1.29469446566934,103.820835566971,JERVOIS GREEN,10.0,3600.0,3.27
147,38 JERVOIS,37.04,27,10,10,JERVOIS ROAD,10.0,10.0,10.0,CCR,0,249047,1.29429553529137,103.82143115320999,DORMER PARK,3.0,5543.0,3.46
148,38 JERVOIS,37.04,27,10,10,JERVOIS ROAD,10.0,10.0,10.0,CCR,0,249055,1.29473553604744,103.818989337771,CASA JERVOIS,12.0,1750.0,3.5
149,38 JERVOIS,37.04,27,10,10,JERVOIS ROAD,10.0,10.0,10.0,CCR,0,249041,1.29319467137094,103.822688038962,SRI MENANTI ESTATE,11.0,3800.0,3.8
150,38 JERVOIS,37.04,27,10,10,JERVOIS ROAD,10.0,10.0,10.0,CCR,0,249056,1.29489580072094,103.81856774498002,JERVOIS GROVE,3.0,3200.0,4.0
151,38 JERVOIS,37.04,27,10,10,JERVOIS ROAD,10.0,10.0,10.0,CCR,0,249081,1.29449097781881,103.822065328522,JERVOIS REGENCY,8.0,3100.0,4.43
152,38 JERVOIS,37.04,27,10,10,JERVOIS ROAD,10.0,10.0,10.0,CCR,0,NIL,1.29469446566934,103.820835566971,LOTUS AT JERVOIS,9.0,2700.0,6.75
153,THE RAMFORD,81.25,16,13,15,RAMBAI ROAD,15.0,15.0,15.0,RCR,6,424331,1.31157991353848,103.90555372088,SUNSHINE REGENCY,7.0,3900.0,3.55
154,FOREST WOODS,97.69,519,507,19,LORONG LEW LIAN,19.0,19.0,19.0,OCR,2,536471,1.3502902658959195,103.878022759102,CHERRYHILL,13.0,2200.0,3.67
155,ONE MEYER,15.15,66,10,15,MEYER PLACE,15.0,15.0,15.0,RCR,10,437997,1.29815062813169,103.88660777045999,MEYER MELODIA,10.0,7300.0,2.43
156,ONE MEYER,15.15,66,10,15,MEYER PLACE,15.0,15.0,15.0,RCR,10,NIL,1.29854037898019,103.886730782754,THE MEYER PLACE,13.0,3250.0,2.5
157,ONE MEYER,15.15,66,10,15,MEYER PLACE,15.0,15.0,15.0,RCR,10,437991,1.29858791034805,103.88619459663,MEYER RESIDENCE,4.0,4000.0,3.33
158,PARC ESTA,87.82,550,483,14,SIMS AVENUE,14.0,14.0,14.0,RCR,36,387516,1.31514448371949,103.88405028273199,SMART SUITES,17.0,2000.0,2.22
159,PARC ESTA,87.82,550,483,14,SIMS AVENUE,14.0,14.0,14.0,RCR,36,NIL,1.31580641871407,103.88647466663099,,,,
160,PARC ESTA,87.82,550,483,14,SIMS AVENUE,14.0,14.0,14.0,RCR,36,NIL,1.31580641871407,103.88647466663099,EUNOSVILLE,11.0,3200.0,4.0
161,PARC ESTA,87.82,550,483,14,SIMS AVENUE,14.0,14.0,14.0,RCR,36,387607,1.31629397762891,103.88657418395,CENTRA HEIGHTS,9.0,4400.0,4.4
162,PARC ESTA,87.82,550,483,14,SIMS AVENUE,14.0,14.0,14.0,RCR,36,387544,1.31574726076432,103.88718820315701,SUITES @ SIMS,9.0,8000.0,4.71
163,NYON,4.35,92,4,15,AMBER ROAD,15.0,15.0,15.0,RCR,4,439853,1.29962978981919,103.89811434438299,AMBER SKYE,19.0,6000.0,1.09
164,NYON,4.35,92,4,15,AMBER ROAD,15.0,15.0,15.0,RCR,4,439877,1.30073199142066,103.90087433261401,38 AMBER,28.0,3400.0,1.36
165,NYON,4.35,92,4,15,AMBER ROAD,15.0,15.0,15.0,RCR,4,439865,1.29953088366938,103.899817468941,AMBER POINT,5.0,6750.0,2.5
166,NYON,4.35,92,4,15,AMBER ROAD,15.0,15.0,15.0,RCR,4,439866,1.29965226936593,103.89882923197901,16 @ AMBER,10.0,2600.0,2.6
167,NYON,4.35,92,4,15,AMBER ROAD,15.0,15.0,15.0,RCR,4,439872,1.3004607928715,103.90119770229201,THE CAPE,9.0,2600.0,2.6
168,NYON,4.35,92,4,15,AMBER ROAD,15.0,15.0,15.0,RCR,4,439865,1.29953088366938,103.899817468941,SEAVIEW POINT,15.0,1850.0,3.08
169,NYON,4.35,92,4,15,AMBER ROAD,15.0,15.0,15.0,RCR,4,439871,1.30025152904748,103.900823288781,THE ARISTO @ AMBER,11.0,3750.0,3.13
170,NYON,4.35,92,4,15,AMBER ROAD,15.0,15.0,15.0,RCR,4,439949,1.30114224563473,103.90225515177299,THE SEA VIEW,4.0,6100.0,3.39
171,NYON,4.35,92,4,15,AMBER ROAD,15.0,15.0,15.0,RCR,4,439897,1.30336514480082,103.90197413029699,THE SHORE RESIDENCES,14.0,4200.0,3.5
172,NYON,4.35,92,4,15,AMBER ROAD,15.0,15.0,15.0,RCR,4,439897,1.30336514480082,103.90197413029699,AMBER RESIDENCES,15.0,1900.0,3.8
173,NYON,4.35,92,4,15,AMBER ROAD,15.0,15.0,15.0,RCR,4,439857,1.29905394548318,103.89941694356199,11 AMBER ROAD,5.0,3950.0,6.58
174,AMBER 45,82.5,120,99,15,AMBER ROAD,15.0,15.0,15.0,RCR,0,439853,1.29962978981919,103.89811434438299,AMBER SKYE,19.0,6000.0,1.09
175,AMBER 45,82.5,120,99,15,AMBER ROAD,15.0,15.0,15.0,RCR,0,439877,1.30073199142066,103.90087433261401,38 AMBER,28.0,3400.0,1.36
176,AMBER 45,82.5,120,99,15,AMBER ROAD,15.0,15.0,15.0,RCR,0,439865,1.29953088366938,103.899817468941,AMBER POINT,5.0,6750.0,2.5
177,AMBER 45,82.5,120,99,15,AMBER ROAD,15.0,15.0,15.0,RCR,0,439866,1.29965226936593,103.89882923197901,16 @ AMBER,10.0,2600.0,2.6
178,AMBER 45,82.5,120,99,15,AMBER ROAD,15.0,15.0,15.0,RCR,0,439872,1.3004607928715,103.90119770229201,THE CAPE,9.0,2600.0,2.6
179,AMBER 45,82.5,120,99,15,AMBER ROAD,15.0,15.0,15.0,RCR,0,439865,1.29953088366938,103.899817468941,SEAVIEW POINT,15.0,1850.0,3.08
180,AMBER 45,82.5,120,99,15,AMBER ROAD,15.0,15.0,15.0,RCR,0,439871,1.30025152904748,103.900823288781,THE ARISTO @ AMBER,11.0,3750.0,3.13
181,AMBER 45,82.5,120,99,15,AMBER ROAD,15.0,15.0,15.0,RCR,0,439949,1.30114224563473,103.90225515177299,THE SEA VIEW,4.0,6100.0,3.39
182,AMBER 45,82.5,120,99,15,AMBER ROAD,15.0,15.0,15.0,RCR,0,439897,1.30336514480082,103.90197413029699,THE SHORE RESIDENCES,14.0,4200.0,3.5
183,AMBER 45,82.5,120,99,15,AMBER ROAD,15.0,15.0,15.0,RCR,0,439897,1.30336514480082,103.90197413029699,AMBER RESIDENCES,15.0,1900.0,3.8
184,AMBER 45,82.5,120,99,15,AMBER ROAD,15.0,15.0,15.0,RCR,0,439857,1.29905394548318,103.89941694356199,11 AMBER ROAD,5.0,3950.0,6.58
185,ALIAS VILLAS,0.0,6,0,10,JALAN HAJI ALIAS,10.0,10.0,10.0,CCR,0,268535,1.32252784112809,103.79504457904899,CORONA VILLE,15.0,6500.0,3.1
186,ALIAS VILLAS,0.0,6,0,10,JALAN HAJI ALIAS,10.0,10.0,10.0,CCR,0,NIL,1.32251434536848,103.795520589503,,,,
187,FYVE DERBYSHIRE,16.67,36,6,11,DERBYSHIRE ROAD,11.0,11.0,11.0,CCR,1,309466,1.31644635495492,103.846258551824,ADRIA,9.0,3500.0,2.19
188,FYVE DERBYSHIRE,16.67,36,6,11,DERBYSHIRE ROAD,11.0,11.0,11.0,CCR,1,309470,1.31524471792015,103.84545057640601,PASADENA,19.0,1500.0,3.0
189,FYVE DERBYSHIRE,16.67,36,6,11,DERBYSHIRE ROAD,11.0,11.0,11.0,CCR,1,309459,1.31612341185448,103.845518779011,DERBYSHIRE HEIGHTS,21.0,2800.0,3.11
190,FYVE DERBYSHIRE,16.67,36,6,11,DERBYSHIRE ROAD,11.0,11.0,11.0,CCR,1,309462,1.31568172551157,103.84588041737601,6 DERBYSHIRE,2.0,2600.0,5.2
191,V ON SHENTON,90.2,500,451,1,SHENTON WAY,1.0,1.0,1.0,CCR,1,068814,1.27708340707632,103.849181343548,V ON SHENTON,13.0,1000.0,1.11
192,V ON SHENTON,90.2,500,451,1,SHENTON WAY,1.0,1.0,1.0,CCR,1,079118,1.27388660363947,103.84623554224501,EON SHENTON,5.0,4300.0,2.69
193,V ON SHENTON,90.2,500,451,1,SHENTON WAY,1.0,1.0,1.0,CCR,1,068803,1.27929491386806,103.850552623612,ONE SHENTON,15.0,7500.0,2.78
194,V ON SHENTON,90.2,500,451,1,SHENTON WAY,1.0,1.0,1.0,CCR,1,079119,1.2734661123903,103.845580809645,76 SHENTON,5.0,5300.0,2.94
195,BOTANIC @ CLUNY PARK,50.0,6,3,10,CLUNY PARK ROAD,10.0,10.0,10.0,CCR,0,257496,1.32193608150281,103.813870868929,CLUNY PARK RESIDENCE,11.0,3400.0,3.09
196,BOTANIC @ CLUNY PARK,50.0,6,3,10,CLUNY PARK ROAD,10.0,10.0,10.0,CCR,0,NIL,1.31798394169402,103.815269790283,,,,
197,RESIDENCE TWENTY-TWO,4.55,22,1,15,TELOK KURAU ROAD,15.0,15.0,15.0,OCR,1,423824,1.31335497672777,103.910858221599,THE COTZ,15.0,2600.0,2.0
198,RESIDENCE TWENTY-TWO,4.55,22,1,15,TELOK KURAU ROAD,15.0,15.0,15.0,OCR,1,423911,1.3103798289351498,103.91139368813299,PRESTIGE LOFT,14.0,2500.0,2.27
199,RESIDENCE TWENTY-TWO,4.55,22,1,15,TELOK KURAU ROAD,15.0,15.0,15.0,OCR,1,423763,1.31752405779934,103.90890062369199,PARC ELEGANCE,11.0,5000.0,2.5
200,RESIDENCE TWENTY-TWO,4.55,22,1,15,TELOK KURAU ROAD,15.0,15.0,15.0,OCR,1,423838,1.31169206684251,103.91161241774999,TELOK MANSION,17.0,1550.0,2.58
201,RESIDENCE TWENTY-TWO,4.55,22,1,15,TELOK KURAU ROAD,15.0,15.0,15.0,OCR,1,423858,1.30948276318531,103.911720115974,VIBES @ EAST COAST,11.0,6500.0,2.71
202,RESIDENCE TWENTY-TWO,4.55,22,1,15,TELOK KURAU ROAD,15.0,15.0,15.0,OCR,1,423910,1.31212247509773,103.911185983946,KURAU COURT,9.0,4300.0,3.91
203,RESIDENCE TWENTY-TWO,4.55,22,1,15,TELOK KURAU ROAD,15.0,15.0,15.0,OCR,1,NIL,1.31227720922866,103.910868184916,,,,
204,CASHEW GREEN,54.55,11,6,23,CASHEW ROAD,23.0,23.0,23.0,OCR,0,679646,1.3705870004698602,103.768078891345,CASHEW PARK CONDOMINIUM,9.0,3100.0,2.21
205,CASHEW GREEN,54.55,11,6,23,CASHEW ROAD,23.0,23.0,23.0,OCR,0,NIL,1.37213583932585,103.768039068818,CASHEW HEIGHTS CONDOMINIUM,17.0,2000.0,2.5
206,CASHEW GREEN,54.55,11,6,23,CASHEW ROAD,23.0,23.0,23.0,OCR,0,679695,1.36879391060315,103.765664597642,ESPA,7.0,3600.0,4.0
207,10 EVELYN,7.14,56,4,11,EVELYN ROAD,11.0,11.0,11.0,CCR,0,NIL,1.31630784676473,103.83986146719,D'EVELYN,10.0,3500.0,2.69
208,10 EVELYN,7.14,56,4,11,EVELYN ROAD,11.0,11.0,11.0,CCR,0,309304,1.31590666330911,103.83994779981701,SETIA RESIDENCES,23.0,2000.0,3.33
209,10 EVELYN,7.14,56,4,11,EVELYN ROAD,11.0,11.0,11.0,CCR,0,309309,1.31649465009914,103.839103883927,EVELYN MANSIONS,9.0,3800.0,3.8
210,10 EVELYN,7.14,56,4,11,EVELYN ROAD,11.0,11.0,11.0,CCR,0,309306,1.31548497427326,103.839467418834,RESIDENCES @ EVELYN,9.0,5150.0,3.96
211,TK ONE,0.0,5,0,15,LORONG N TELOK KURAU,15.0,15.0,15.0,OCR,0,425262,1.31031840393482,103.916914120578,THE AMBROSIA,16.0,3301.0,1.57
212,TK ONE,0.0,5,0,15,LORONG N TELOK KURAU,15.0,15.0,15.0,OCR,0,425244,1.3108763173470102,103.915485073734,EMPRADO SUITES,22.0,2500.0,1.92
213,TK ONE,0.0,5,0,15,LORONG N TELOK KURAU,15.0,15.0,15.0,OCR,0,425266,1.31114499548612,103.916123058693,THE LUCENT,19.0,2150.0,2.69
214,TK ONE,0.0,5,0,15,LORONG N TELOK KURAU,15.0,15.0,15.0,OCR,0,425259,1.3111253957183402,103.916556710644,TREESCAPE,23.0,1800.0,3.0
215,TK ONE,0.0,5,0,15,LORONG N TELOK KURAU,15.0,15.0,15.0,OCR,0,425163,1.30950544505905,103.911289279494,PALMERA RESIDENCE,12.0,3100.0,3.1
216,TK ONE,0.0,5,0,15,LORONG N TELOK KURAU,15.0,15.0,15.0,OCR,0,425142,1.30963964761044,103.909443139295,THE BECCAGAYLE,4.0,7000.0,4.12
217,AFFINITY AT SERANGOON,74.0,650,481,19,SERANGOON NORTH AVENUE 1,19.0,19.0,19.0,OCR,50,550120,1.3672758682207302,103.871075579396,SERANGOON VILLE,19.0,1900.0,3.17
218,SEA PAVILION RESIDENCES,100.0,24,24,16,UPPER EAST COAST ROAD,16.0,16.0,16.0,OCR,0,455277,1.31449079443477,103.932605816024,SUITES @ EASTCOAST,16.0,3125.0,2.08
219,SEA PAVILION RESIDENCES,100.0,24,24,16,UPPER EAST COAST ROAD,16.0,16.0,16.0,OCR,0,455208,1.31312519718197,103.92632573468399,CRESCENDO BUILDING,7.0,3600.0,2.57
220,SEA PAVILION RESIDENCES,100.0,24,24,16,UPPER EAST COAST ROAD,16.0,16.0,16.0,OCR,0,466507,1.3157814810613502,103.94142451602501,THE BAYCOURT,10.0,2600.0,2.6
221,SEA PAVILION RESIDENCES,100.0,24,24,16,UPPER EAST COAST ROAD,16.0,16.0,16.0,OCR,0,466520,1.31481231358526,103.94259038152799,VENEZIO,23.0,2650.0,2.65
222,SEA PAVILION RESIDENCES,100.0,24,24,16,UPPER EAST COAST ROAD,16.0,16.0,16.0,OCR,0,466456,1.3138495703282,103.938098437733,THE TROPIC GARDENS,10.0,6400.0,2.67
223,SEA PAVILION RESIDENCES,100.0,24,24,16,UPPER EAST COAST ROAD,16.0,16.0,16.0,OCR,0,466616,1.32045577770528,103.954735585255,BAGNALL COURT,16.0,2400.0,2.67
224,SEA PAVILION RESIDENCES,100.0,24,24,16,UPPER EAST COAST ROAD,16.0,16.0,16.0,OCR,0,466629,1.31923712165936,103.953446192005,EAST COAST TERRACE,10.0,4200.0,3.0
225,SEA PAVILION RESIDENCES,100.0,24,24,16,UPPER EAST COAST ROAD,16.0,16.0,16.0,OCR,0,466519,1.3147432676588602,103.942302354429,BALCON EAST,7.0,2850.0,3.56
226,SEA PAVILION RESIDENCES,100.0,24,24,16,UPPER EAST COAST ROAD,16.0,16.0,16.0,OCR,0,466403,1.31392450565899,103.934703666612,EASTERN LAGOON,19.0,1800.0,3.6
227,SEA PAVILION RESIDENCES,100.0,24,24,16,UPPER EAST COAST ROAD,16.0,16.0,16.0,OCR,0,466584,1.31602160012698,103.945675498741,THE DAFFODIL,10.0,10500.0,3.62
228,SEA PAVILION RESIDENCES,100.0,24,24,16,UPPER EAST COAST ROAD,16.0,16.0,16.0,OCR,0,466473,1.31371186339969,103.938714040603,VILLAS LAGUNA,10.0,8000.0,3.64
229,SEA PAVILION RESIDENCES,100.0,24,24,16,UPPER EAST COAST ROAD,16.0,16.0,16.0,OCR,0,465522,1.31412187100142,103.937452766997,BREEZE BY THE EAST,21.0,2600.0,3.71
230,SEA PAVILION RESIDENCES,100.0,24,24,16,UPPER EAST COAST ROAD,16.0,16.0,16.0,OCR,0,466581,1.31577493252137,103.945189532444,BLEU @ EAST COAST,4.0,8804.0,4.0
231,SEA PAVILION RESIDENCES,100.0,24,24,16,UPPER EAST COAST ROAD,16.0,16.0,16.0,OCR,0,466506,1.31670803730258,103.940781787705,THE SUMMIT,10.0,11693.0,4.03
232,SEA PAVILION RESIDENCES,100.0,24,24,16,UPPER EAST COAST ROAD,16.0,16.0,16.0,OCR,0,466477,1.31365569116406,103.939090715487,UBER 388,9.0,9500.0,4.13
233,SEA PAVILION RESIDENCES,100.0,24,24,16,UPPER EAST COAST ROAD,16.0,16.0,16.0,OCR,0,466522,1.31506384580924,103.94314173038201,EAST COAST RESIDENCES,10.0,2950.0,4.21
234,SEA PAVILION RESIDENCES,100.0,24,24,16,UPPER EAST COAST ROAD,16.0,16.0,16.0,OCR,0,NIL,1.31498289871206,103.94100785992599,,,,
235,SEA PAVILION RESIDENCES,100.0,24,24,16,UPPER EAST COAST ROAD,16.0,16.0,16.0,OCR,0,455238,1.31298915407942,103.92897691662,CHIANG'S COURT,9.0,2700.0,4.5
236,SEA PAVILION RESIDENCES,100.0,24,24,16,UPPER EAST COAST ROAD,16.0,16.0,16.0,OCR,0,NIL,1.31498289871206,103.94100785992599,,,,
237,RIVERFRONT RESIDENCES,78.17,1200,938,19,HOUGANG AVENUE 7,19.0,19.0,19.0,OCR,55,534260,1.3739325748107702,103.901140296964,THE FLORIDA,12.0,3500.0,2.5
238,RIVERFRONT RESIDENCES,78.17,1200,938,19,HOUGANG AVENUE 7,19.0,19.0,19.0,OCR,55,NIL,1.3674048859686,103.89925798206801,RIO CASA,12.0,2400.0,4.8
239,RIVERFRONT RESIDENCES,78.17,1200,938,19,HOUGANG AVENUE 7,19.0,19.0,19.0,OCR,55,538803,1.36953376586594,103.89958057562599,EVERGREEN PARK,9.0,2500.0,6.25
240,CITY GATE,100.0,311,311,7,BEACH ROAD,7.0,7.0,7.0,RCR,0,199599,1.30070393376472,103.86186108134198,CONCOURSE SKYLINE,14.0,2250.0,2.25
241,CITY GATE,100.0,311,311,7,BEACH ROAD,7.0,7.0,7.0,RCR,0,199590,1.29962022808966,103.860647264692,THE PLAZA,23.0,1800.0,3.0
242,CITY GATE,100.0,311,311,7,BEACH ROAD,7.0,7.0,7.0,RCR,0,NIL,1.29940227018096,103.859040963319,KIMETAL BUILDING,14.0,1750.0,3.5
243,CITY GATE,100.0,311,311,7,BEACH ROAD,7.0,7.0,7.0,RCR,0,199588,1.30275121635194,103.86516364954299,GOLDEN MILE COMPLEX,10.0,4000.0,5.0
244,33 RESIDENCES,100.0,27,27,14,LORONG 30 GEYLANG,14.0,14.0,14.0,RCR,0,NIL,1.31263020052,103.886319562745,,,,
245,33 RESIDENCES,100.0,27,27,14,LORONG 30 GEYLANG,14.0,14.0,14.0,RCR,0,398361,1.31268470316216,103.885941244972,SUITES 28,11.0,7000.0,2.8
246,33 RESIDENCES,100.0,27,27,14,LORONG 30 GEYLANG,14.0,14.0,14.0,RCR,0,398355,1.31257739062176,103.886492371732,COSY 23,10.0,5100.0,3.0
247,33 RESIDENCES,100.0,27,27,14,LORONG 30 GEYLANG,14.0,14.0,14.0,RCR,0,398353,1.31285080910899,103.88649762576401,IDYLLIC SUITES,14.0,1600.0,3.2
248,33 RESIDENCES,100.0,27,27,14,LORONG 30 GEYLANG,14.0,14.0,14.0,RCR,0,398342,1.31345709214798,103.88646731823098,THE SANCTUARY @ GEYLANG,12.0,3700.0,3.36
249,33 RESIDENCES,100.0,27,27,14,LORONG 30 GEYLANG,14.0,14.0,14.0,RCR,0,398352,1.31287327322578,103.886114462631,THE MIDAS,14.0,1700.0,3.4
250,33 RESIDENCES,100.0,27,27,14,LORONG 30 GEYLANG,14.0,14.0,14.0,RCR,0,398384,1.31173675246557,103.88683383734501,FENG LAI MANSION,4.0,6933.0,4.08
251,33 RESIDENCES,100.0,27,27,14,LORONG 30 GEYLANG,14.0,14.0,14.0,RCR,0,398371,1.3120050027035,103.885949356768,GUILLEMARD EDGE,10.0,3100.0,4.43
252,33 RESIDENCES,100.0,27,27,14,LORONG 30 GEYLANG,14.0,14.0,14.0,RCR,0,398362,1.31221085653925,103.88652047971,VIENTO,2.0,2900.0,4.83
253,12 ON SHAN,0.0,30,0,12,SHAN ROAD,12.0,12.0,12.0,RCR,0,328107,1.3244972134403,103.846222506253,PINNACLE 16,18.0,2600.0,2.0
254,12 ON SHAN,0.0,30,0,12,SHAN ROAD,12.0,12.0,12.0,RCR,0,328108,1.32590458180223,103.845997985457,THE MARQUE @ IRRAWADDY,14.0,2700.0,3.0
255,LANDED HOUSING DEVELOPMENT,44.44,9,4,26,MENG SUAN ROAD,26.0,26.0,26.0,OCR,0,779286,1.4030608126511002,103.814712598173,MANDAI GARDEN,15.0,1800.0,3.0
256,ALANA,88.46,26,23,28,SUNRISE TERRACE,28.0,28.0,28.0,OCR,0,805404,1.3877219031341002,103.85539774696699,CABANA,9.0,2700.0,4.5
257,KENT RIDGE HILL RESIDENCES,60.8,250,152,5,SOUTH BUONA VISTA ROAD,5.0,5.0,5.0,RCR,14,118136,1.27980322314975,103.78590960328,VIVA VISTA,17.0,2300.0,2.3
258,KENT RIDGE HILL RESIDENCES,60.8,250,152,5,SOUTH BUONA VISTA ROAD,5.0,5.0,5.0,RCR,14,118166,1.28115860781559,103.787759973633,BAYVILLE CONDOMINIUM,19.0,3100.0,2.38
259,KENT RIDGE HILL RESIDENCES,60.8,250,152,5,SOUTH BUONA VISTA ROAD,5.0,5.0,5.0,RCR,14,118175,1.28133761889653,103.788992248282,VISTA PARK,3.0,5000.0,3.85
260,KENT RIDGE HILL RESIDENCES,60.8,250,152,5,SOUTH BUONA VISTA ROAD,5.0,5.0,5.0,RCR,14,NIL,1.28679715459693,103.784658343144,,,,
261,THE JOVELL,26.8,250,67,17,FLORA DRIVE,17.0,17.0,17.0,OCR,8,506861,1.35588599347411,103.965304613692,PARC OLYMPIA,18.0,2600.0,1.86
262,THE JOVELL,26.8,250,67,17,FLORA DRIVE,17.0,17.0,17.0,OCR,8,506851,1.35596896951349,103.966315676876,THE INFLORA,21.0,2700.0,1.93
263,THE JOVELL,26.8,250,67,17,FLORA DRIVE,17.0,17.0,17.0,OCR,8,507027,1.3592969795824998,103.964407924631,CARISSA PARK CONDOMINIUM,17.0,1700.0,2.83
264,THE JOVELL,26.8,250,67,17,FLORA DRIVE,17.0,17.0,17.0,OCR,8,507013,1.3590532089863998,103.96518906183,DAHLIA PARK CONDOMINIUM,10.0,2600.0,2.89
265,THE JOVELL,26.8,250,67,17,FLORA DRIVE,17.0,17.0,17.0,OCR,8,506891,1.35505338780875,103.966968614236,HEDGES PARK CONDOMINIUM,12.0,2900.0,2.9
266,THE JOVELL,26.8,250,67,17,FLORA DRIVE,17.0,17.0,17.0,OCR,8,506867,1.3567908665883202,103.963697627332,PALM ISLES,7.0,3000.0,3.75
267,THE JOVELL,26.8,250,67,17,FLORA DRIVE,17.0,17.0,17.0,OCR,8,506952,1.35780121492412,103.964498095261,FERRARIA PARK CONDOMINIUM,9.0,8800.0,4.19
268,LINK RESIDENCE @ HOLLAND,0.0,2,0,10,GREENLEAF ROAD,10.0,10.0,10.0,CCR,0,NIL,1.32219408774503,103.786602899997,,,,
269,RV ALTITUDE,33.33,63,21,9,RIVER VALLEY ROAD,9.0,9.0,9.0,CCR,2,238349,1.29563102657535,103.841615089993,OXLEY EDGE,13.0,1000.0,1.11
270,RV ALTITUDE,33.33,63,21,9,RIVER VALLEY ROAD,9.0,9.0,9.0,CCR,2,238352,1.29632425592327,103.84145161370199,VILLE ROYALE,13.0,2500.0,1.67
271,RV ALTITUDE,33.33,63,21,9,RIVER VALLEY ROAD,9.0,9.0,9.0,CCR,2,238291,1.29380093107285,103.842145033288,RV POINT,21.0,2500.0,1.79
272,RV ALTITUDE,33.33,63,21,9,RIVER VALLEY ROAD,9.0,9.0,9.0,CCR,2,238306,1.29468505172314,103.84140602426001,VALLEY LODGE,18.0,2500.0,1.92
273,RV ALTITUDE,33.33,63,21,9,RIVER VALLEY ROAD,9.0,9.0,9.0,CCR,2,NIL,1.29558337669447,103.83773442378799,,,,
274,RV ALTITUDE,33.33,63,21,9,RIVER VALLEY ROAD,9.0,9.0,9.0,CCR,2,248306,1.2951045867980502,103.828511352677,STELLAR RV,19.0,2800.0,2.33
275,RV ALTITUDE,33.33,63,21,9,RIVER VALLEY ROAD,9.0,9.0,9.0,CCR,2,248368,1.29317347613804,103.828577644837,VALLEY PARK,15.0,5200.0,2.36
276,RV ALTITUDE,33.33,63,21,9,RIVER VALLEY ROAD,9.0,9.0,9.0,CCR,2,238365,1.29556297139717,103.83423547942301,YONG AN PARK,15.0,5300.0,2.41
277,RV ALTITUDE,33.33,63,21,9,RIVER VALLEY ROAD,9.0,9.0,9.0,CCR,2,248346,1.29434105033387,103.828440282424,RV RESIDENCES,15.0,2100.0,2.63
278,RV ALTITUDE,33.33,63,21,9,RIVER VALLEY ROAD,9.0,9.0,9.0,CCR,2,238374,1.29639111945044,103.834694192111,THE VERV @ RV,7.0,2250.0,2.81
279,RV ALTITUDE,33.33,63,21,9,RIVER VALLEY ROAD,9.0,9.0,9.0,CCR,2,238275,1.2931110664746002,103.84181057083599,UE SQUARE,23.0,1825.0,3.04
280,RV ALTITUDE,33.33,63,21,9,RIVER VALLEY ROAD,9.0,9.0,9.0,CCR,2,248289,1.2956052030356,103.829406938324,RV SUITES,11.0,4000.0,3.08
281,RV ALTITUDE,33.33,63,21,9,RIVER VALLEY ROAD,9.0,9.0,9.0,CCR,2,238367,1.29602033180482,103.83815660617701,VALLEY HOUSE,10.0,7500.0,3.13
282,RV ALTITUDE,33.33,63,21,9,RIVER VALLEY ROAD,9.0,9.0,9.0,CCR,2,238381,1.29635617157408,103.837991072981,RESIDENCES AT 338A,15.0,6200.0,3.26
283,RV ALTITUDE,33.33,63,21,9,RIVER VALLEY ROAD,9.0,9.0,9.0,CCR,2,238322,1.29571705287659,103.839861034802,TWO8ONE STUDIO,17.0,1650.0,3.3
284,RV ALTITUDE,33.33,63,21,9,RIVER VALLEY ROAD,9.0,9.0,9.0,CCR,2,248342,1.2941463096058898,103.826988034433,RIVER VALLEY COURT,10.0,4500.0,3.46
285,RV ALTITUDE,33.33,63,21,9,RIVER VALLEY ROAD,9.0,9.0,9.0,CCR,2,238373,1.29679493077615,103.83493414428301,RIVERDALE RESIDENCE,10.0,4200.0,3.5
286,RV ALTITUDE,33.33,63,21,9,RIVER VALLEY ROAD,9.0,9.0,9.0,CCR,2,238309,1.29471595933453,103.84005116736401,ASPEN HEIGHTS,10.0,4950.0,3.81
287,RV ALTITUDE,33.33,63,21,9,RIVER VALLEY ROAD,9.0,9.0,9.0,CCR,2,238366,1.29610970657654,103.838506457383,336 RIVER VALLEY,9.0,3100.0,3.88
288,RV ALTITUDE,33.33,63,21,9,RIVER VALLEY ROAD,9.0,9.0,9.0,CCR,2,238324,1.29570410515932,103.839811752808,283 STUDIO,2.0,2900.0,5.8
289,DAINTREE RESIDENCE,58.75,80,47,21,TOH TUCK ROAD,21.0,21.0,21.0,RCR,0,596747,1.34177300180826,103.76799659292601,SIGNATURE PARK,15.0,4700.0,2.14
290,DAINTREE RESIDENCE,58.75,80,47,21,TOH TUCK ROAD,21.0,21.0,21.0,RCR,0,596684,1.3386413606555905,103.769378713335,THE CREEK @ BUKIT,16.0,2700.0,2.45
291,DAINTREE RESIDENCE,58.75,80,47,21,TOH TUCK ROAD,21.0,21.0,21.0,RCR,0,596299,1.33951187752814,103.76610518980699,TECK HIANG GARDENS,16.0,3200.0,2.46
292,DAINTREE RESIDENCE,58.75,80,47,21,TOH TUCK ROAD,21.0,21.0,21.0,RCR,0,596722,1.3388569204298402,103.76725162651199,THE BEVERLY,19.0,3500.0,2.92
293,DAINTREE RESIDENCE,58.75,80,47,21,TOH TUCK ROAD,21.0,21.0,21.0,RCR,0,596290,1.33904654811646,103.771587753402,HIGH OAK CONDOMINIUM,21.0,1900.0,3.17
294,DAINTREE RESIDENCE,58.75,80,47,21,TOH TUCK ROAD,21.0,21.0,21.0,RCR,0,596721,1.34062438091463,103.768876497135,GOODLUCK GARDEN,9.0,3600.0,3.27
295,DAINTREE RESIDENCE,58.75,80,47,21,TOH TUCK ROAD,21.0,21.0,21.0,RCR,0,596195,1.3388539089784,103.76918299642901,NOTTINGHILL SUITES,10.0,3800.0,4.75
296,EDEN RESIDENCES CAPITOL,41.03,39,16,6,STAMFORD ROAD,6.0,6.0,6.0,CCR,0,178884,1.2929881833109198,103.85104659785499,EDEN RESIDENCES CAPITOL,10.0,3750.0,3.41
297,FERRA,0.0,33,0,9,LEONIE HILL,9.0,9.0,9.0,CCR,0,239228,1.29759908182727,103.83267778466801,HORIZON TOWERS,17.0,2600.0,2.17
298,FERRA,0.0,33,0,9,LEONIE HILL,9.0,9.0,9.0,CCR,0,239229,1.29673751056688,103.833005726294,RIVERSHIRE,14.0,3200.0,2.46
299,FERRA,0.0,33,0,9,LEONIE HILL,9.0,9.0,9.0,CCR,0,239230,1.29662723124195,103.83219080761299,RIVA LODGE,14.0,1500.0,3.0
300,FERRA,0.0,33,0,9,LEONIE HILL,9.0,9.0,9.0,CCR,0,239226,1.29810416407008,103.83258191630199,LEONIE GARDENS,7.0,2400.0,3.0
301,FERRA,0.0,33,0,9,LEONIE HILL,9.0,9.0,9.0,CCR,0,239223,1.29876714993882,103.83177434457501,LEONIE SUITES,10.0,5300.0,3.79
302,FERRA,0.0,33,0,9,LEONIE HILL,9.0,9.0,9.0,CCR,0,239220,1.29906635751108,103.832068052789,THE LUMOS,10.0,5800.0,3.87
303,FERRA,0.0,33,0,9,LEONIE HILL,9.0,9.0,9.0,CCR,0,239228,1.29759908182727,103.83267778466801,LEONIE TOWERS,9.0,2600.0,6.5
304,ARENA RESIDENCES,71.43,70,50,14,GUILLEMARD CRESCENT,14.0,14.0,14.0,RCR,4,399914,1.30957643997198,103.881039620932,COSMO,9.0,4700.0,4.27
305,WATERCOVE,94.59,74,70,27,WAK HASSAN DRIVE,27.0,27.0,27.0,OCR,1,NIL,1.46064255508176,103.838282572316,,,,
306,120 GRANGE,90.0,50,45,10,GRANGE ROAD,10.0,10.0,10.0,CCR,0,249570,1.29850482255038,103.82556622754299,BEVERLY HILL,21.0,2200.0,2.0
307,120 GRANGE,90.0,50,45,10,GRANGE ROAD,10.0,10.0,10.0,CCR,0,249595,1.29973845265052,103.825868087039,CLIVEDEN AT GRANGE,15.0,5000.0,2.27
308,120 GRANGE,90.0,50,45,10,GRANGE ROAD,10.0,10.0,10.0,CCR,0,249569,1.29878089230658,103.826677483859,GRAMERCY PARK,14.0,3000.0,2.5
309,120 GRANGE,90.0,50,45,10,GRANGE ROAD,10.0,10.0,10.0,CCR,0,249587,1.29973944173202,103.827560672938,THE COLONNADE,20.0,4900.0,2.72
310,120 GRANGE,90.0,50,45,10,GRANGE ROAD,10.0,10.0,10.0,CCR,0,249616,1.30437750284668,103.8226594615,GRANGE RESIDENCES,9.0,4500.0,2.81
311,120 GRANGE,90.0,50,45,10,GRANGE ROAD,10.0,10.0,10.0,CCR,0,NIL,1.29899761425486,103.829347359412,,,,
312,120 GRANGE,90.0,50,45,10,GRANGE ROAD,10.0,10.0,10.0,CCR,0,NIL,1.29899761425486,103.829347359412,PARKVIEW ECLAT,10.0,10500.0,3.0
313,120 GRANGE,90.0,50,45,10,GRANGE ROAD,10.0,10.0,10.0,CCR,0,NIL,1.29899761425486,103.829347359412,GRANGE HEIGHTS,17.0,1500.0,3.0
314,120 GRANGE,90.0,50,45,10,GRANGE ROAD,10.0,10.0,10.0,CCR,0,239700,1.2994228130657,103.834776767783,GRANGE INFINITE,4.0,8000.0,3.33
315,120 GRANGE,90.0,50,45,10,GRANGE ROAD,10.0,10.0,10.0,CCR,0,249580,1.29978083020797,103.828489156122,MANHATTAN MANSIONS,3.0,3100.0,3.44
316,120 GRANGE,90.0,50,45,10,GRANGE ROAD,10.0,10.0,10.0,CCR,0,249578,1.2998485617061002,103.828993593935,ILIV @ GRANGE,10.0,5050.0,3.61
317,120 GRANGE,90.0,50,45,10,GRANGE ROAD,10.0,10.0,10.0,CCR,0,249604,1.3001866563998898,103.824975558563,RAINBOW MANSION,2.0,3700.0,4.11
318,120 GRANGE,90.0,50,45,10,GRANGE ROAD,10.0,10.0,10.0,CCR,0,249616,1.30437750284668,103.8226594615,SPRING GROVE,10.0,12627.0,4.35
319,JUI RESIDENCES,42.74,117,50,12,SERANGOON ROAD,12.0,12.0,12.0,RCR,3,328170,1.32333422243454,103.863847631639,EURO-ASIA APARTMENTS,10.0,7000.0,2.33
320,JUI RESIDENCES,42.74,117,50,12,SERANGOON ROAD,12.0,12.0,12.0,RCR,3,NIL,1.3173449508203798,103.859783610124,,,,
321,JUI RESIDENCES,42.74,117,50,12,SERANGOON ROAD,12.0,12.0,12.0,RCR,3,328190,1.32423340916271,103.864556003087,REGENT RESIDENCES,21.0,1800.0,3.6
322,ONE DRAYCOTT,4.69,64,3,10,DRAYCOTT PARK,10.0,10.0,10.0,CCR,0,259401,1.31189007698119,103.831669936767,THE DRAYCOTT,14.0,2600.0,2.36
323,ONE DRAYCOTT,4.69,64,3,10,DRAYCOTT PARK,10.0,10.0,10.0,CCR,0,NIL,1.31123888951321,103.8308357033,,,,
324,ONE DRAYCOTT,4.69,64,3,10,DRAYCOTT PARK,10.0,10.0,10.0,CCR,0,259405,1.31138841261311,103.83218202902201,DRAYCOTT EIGHT,23.0,1950.0,3.25
325,HARBOUR VIEW GARDENS,98.25,57,56,5,PASIR PANJANG ROAD,5.0,5.0,5.0,RCR,0,118572,1.27925056413258,103.78715433497601,LANDRIDGE CONDOMINIUM,19.0,4600.0,1.53
326,HARBOUR VIEW GARDENS,98.25,57,56,5,PASIR PANJANG ROAD,5.0,5.0,5.0,RCR,0,118610,1.28094771760364,103.783546603867,THE ORIENT,16.0,2250.0,1.73
327,HARBOUR VIEW GARDENS,98.25,57,56,5,PASIR PANJANG ROAD,5.0,5.0,5.0,RCR,0,117382,1.29004669718387,103.777699133755,WHITEHAVEN,16.0,4100.0,1.86
328,HARBOUR VIEW GARDENS,98.25,57,56,5,PASIR PANJANG ROAD,5.0,5.0,5.0,RCR,0,117621,1.2912341999871,103.76933030729,PALM GREEN,23.0,4700.0,1.88
329,HARBOUR VIEW GARDENS,98.25,57,56,5,PASIR PANJANG ROAD,5.0,5.0,5.0,RCR,0,118695,1.28943349070881,103.775385797395,JUBILEE RESIDENCE,19.0,3500.0,2.19
330,HARBOUR VIEW GARDENS,98.25,57,56,5,PASIR PANJANG ROAD,5.0,5.0,5.0,RCR,0,117704,1.28097048392039,103.784277397542,BAROSSA GARDENS,10.0,6700.0,2.23
331,HARBOUR VIEW GARDENS,98.25,57,56,5,PASIR PANJANG ROAD,5.0,5.0,5.0,RCR,0,118797,1.29087074155665,103.770066563415,VILLAGE @ PASIR PANJANG,14.0,2550.0,2.32
332,HARBOUR VIEW GARDENS,98.25,57,56,5,PASIR PANJANG ROAD,5.0,5.0,5.0,RCR,0,118722,1.2915543805244698,103.772379877483,PASIR PANJANG LODGE,19.0,2800.0,2.33
333,HARBOUR VIEW GARDENS,98.25,57,56,5,PASIR PANJANG ROAD,5.0,5.0,5.0,RCR,0,118699,1.2905469205866102,103.77460603768299,GOLD COAST CONDOMINIUM,19.0,3400.0,2.43
334,HARBOUR VIEW GARDENS,98.25,57,56,5,PASIR PANJANG ROAD,5.0,5.0,5.0,RCR,0,118571,1.27880964969522,103.78755393240101,PASIR VIEW PARK,15.0,2750.0,2.5
335,HARBOUR VIEW GARDENS,98.25,57,56,5,PASIR PANJANG ROAD,5.0,5.0,5.0,RCR,0,NIL,1.29141476823963,103.77092919965,,,,
336,HARBOUR VIEW GARDENS,98.25,57,56,5,PASIR PANJANG ROAD,5.0,5.0,5.0,RCR,0,117451,1.28857870447408,103.777218654539,LYNNSVILLE 331,14.0,2800.0,2.55
337,HARBOUR VIEW GARDENS,98.25,57,56,5,PASIR PANJANG ROAD,5.0,5.0,5.0,RCR,0,117526,1.27866845329678,103.78776708715598,MENDON SPRING,16.0,2300.0,2.56
338,HARBOUR VIEW GARDENS,98.25,57,56,5,PASIR PANJANG ROAD,5.0,5.0,5.0,RCR,0,118684,1.28888048243284,103.77609616815,PALM MANSIONS,17.0,1400.0,2.8
339,HARBOUR VIEW GARDENS,98.25,57,56,5,PASIR PANJANG ROAD,5.0,5.0,5.0,RCR,0,118676,1.28993098376015,103.77687325833901,THE ESTRELLA,5.0,4600.0,2.88
340,HARBOUR VIEW GARDENS,98.25,57,56,5,PASIR PANJANG ROAD,5.0,5.0,5.0,RCR,0,118669,1.29003922701443,103.777277775278,LUXE VILLE,17.0,1750.0,2.92
341,HARBOUR VIEW GARDENS,98.25,57,56,5,PASIR PANJANG ROAD,5.0,5.0,5.0,RCR,0,NIL,1.29141476823963,103.77092919965,,,,
342,HARBOUR VIEW GARDENS,98.25,57,56,5,PASIR PANJANG ROAD,5.0,5.0,5.0,RCR,0,118693,1.28936270641603,103.775554103665,MURANO,23.0,1600.0,3.2
343,HARBOUR VIEW GARDENS,98.25,57,56,5,PASIR PANJANG ROAD,5.0,5.0,5.0,RCR,0,118709,1.29102031288519,103.77405714196199,THE FOLIAGE,4.0,5600.0,3.29
344,HARBOUR VIEW GARDENS,98.25,57,56,5,PASIR PANJANG ROAD,5.0,5.0,5.0,RCR,0,118719,1.2907252914911298,103.77211445474701,VILLA DE WEST,3.0,5972.0,3.32
345,HARBOUR VIEW GARDENS,98.25,57,56,5,PASIR PANJANG ROAD,5.0,5.0,5.0,RCR,0,117489,1.28070938808961,103.785323249072,THE MAYLEA,14.0,2000.0,3.33
346,HARBOUR VIEW GARDENS,98.25,57,56,5,PASIR PANJANG ROAD,5.0,5.0,5.0,RCR,0,117503,1.29139945043901,103.768850992913,THE SPECTRUM,8.0,3750.0,3.75
347,HARBOUR VIEW GARDENS,98.25,57,56,5,PASIR PANJANG ROAD,5.0,5.0,5.0,RCR,0,118579,1.2794867007018702,103.785756186651,ICON @ PASIR PANJANG,21.0,1900.0,3.8
348,HARBOUR VIEW GARDENS,98.25,57,56,5,PASIR PANJANG ROAD,5.0,5.0,5.0,RCR,0,118633,1.28688028822624,103.78042408802901,GLORIA MANSION,8.0,4000.0,4.0
349,HARBOUR VIEW GARDENS,98.25,57,56,5,PASIR PANJANG ROAD,5.0,5.0,5.0,RCR,0,118617,1.2824208327018898,103.783142732009,SEASUITES,18.0,2400.0,4.0
350,HARBOUR VIEW GARDENS,98.25,57,56,5,PASIR PANJANG ROAD,5.0,5.0,5.0,RCR,0,117425,1.281594624749,103.783177258839,PARC IMPERIAL,10.0,2250.0,4.5
351,HARBOUR VIEW GARDENS,98.25,57,56,5,PASIR PANJANG ROAD,5.0,5.0,5.0,RCR,0,118549,1.2768688804714,103.793176829437,THE CASSANDRA,9.0,2300.0,5.75
352,HARBOUR VIEW GARDENS,98.25,57,56,5,PASIR PANJANG ROAD,5.0,5.0,5.0,RCR,0,117482,1.28783491011907,103.77834329953899,THE ESTIVA,9.0,3000.0,6.0
353,SEASUITES,96.15,52,50,5,PASIR PANJANG ROAD,5.0,5.0,5.0,RCR,0,118572,1.27925056413258,103.78715433497601,LANDRIDGE CONDOMINIUM,19.0,4600.0,1.53
354,SEASUITES,96.15,52,50,5,PASIR PANJANG ROAD,5.0,5.0,5.0,RCR,0,118610,1.28094771760364,103.783546603867,THE ORIENT,16.0,2250.0,1.73
355,SEASUITES,96.15,52,50,5,PASIR PANJANG ROAD,5.0,5.0,5.0,RCR,0,117382,1.29004669718387,103.777699133755,WHITEHAVEN,16.0,4100.0,1.86
356,SEASUITES,96.15,52,50,5,PASIR PANJANG ROAD,5.0,5.0,5.0,RCR,0,117621,1.2912341999871,103.76933030729,PALM GREEN,23.0,4700.0,1.88
357,SEASUITES,96.15,52,50,5,PASIR PANJANG ROAD,5.0,5.0,5.0,RCR,0,118695,1.28943349070881,103.775385797395,JUBILEE RESIDENCE,19.0,3500.0,2.19
358,SEASUITES,96.15,52,50,5,PASIR PANJANG ROAD,5.0,5.0,5.0,RCR,0,117704,1.28097048392039,103.784277397542,BAROSSA GARDENS,10.0,6700.0,2.23
359,SEASUITES,96.15,52,50,5,PASIR PANJANG ROAD,5.0,5.0,5.0,RCR,0,118797,1.29087074155665,103.770066563415,VILLAGE @ PASIR PANJANG,14.0,2550.0,2.32
360,SEASUITES,96.15,52,50,5,PASIR PANJANG ROAD,5.0,5.0,5.0,RCR,0,118722,1.2915543805244698,103.772379877483,PASIR PANJANG LODGE,19.0,2800.0,2.33
361,SEASUITES,96.15,52,50,5,PASIR PANJANG ROAD,5.0,5.0,5.0,RCR,0,118699,1.2905469205866102,103.77460603768299,GOLD COAST CONDOMINIUM,19.0,3400.0,2.43
362,SEASUITES,96.15,52,50,5,PASIR PANJANG ROAD,5.0,5.0,5.0,RCR,0,118571,1.27880964969522,103.78755393240101,PASIR VIEW PARK,15.0,2750.0,2.5
363,SEASUITES,96.15,52,50,5,PASIR PANJANG ROAD,5.0,5.0,5.0,RCR,0,NIL,1.29141476823963,103.77092919965,,,,
364,SEASUITES,96.15,52,50,5,PASIR PANJANG ROAD,5.0,5.0,5.0,RCR,0,117451,1.28857870447408,103.777218654539,LYNNSVILLE 331,14.0,2800.0,2.55
365,SEASUITES,96.15,52,50,5,PASIR PANJANG ROAD,5.0,5.0,5.0,RCR,0,117526,1.27866845329678,103.78776708715598,MENDON SPRING,16.0,2300.0,2.56
366,SEASUITES,96.15,52,50,5,PASIR PANJANG ROAD,5.0,5.0,5.0,RCR,0,118684,1.28888048243284,103.77609616815,PALM MANSIONS,17.0,1400.0,2.8
367,SEASUITES,96.15,52,50,5,PASIR PANJANG ROAD,5.0,5.0,5.0,RCR,0,118676,1.28993098376015,103.77687325833901,THE ESTRELLA,5.0,4600.0,2.88
368,SEASUITES,96.15,52,50,5,PASIR PANJANG ROAD,5.0,5.0,5.0,RCR,0,118669,1.29003922701443,103.777277775278,LUXE VILLE,17.0,1750.0,2.92
369,SEASUITES,96.15,52,50,5,PASIR PANJANG ROAD,5.0,5.0,5.0,RCR,0,NIL,1.29141476823963,103.77092919965,,,,
370,SEASUITES,96.15,52,50,5,PASIR PANJANG ROAD,5.0,5.0,5.0,RCR,0,118693,1.28936270641603,103.775554103665,MURANO,23.0,1600.0,3.2
371,SEASUITES,96.15,52,50,5,PASIR PANJANG ROAD,5.0,5.0,5.0,RCR,0,118709,1.29102031288519,103.77405714196199,THE FOLIAGE,4.0,5600.0,3.29
372,SEASUITES,96.15,52,50,5,PASIR PANJANG ROAD,5.0,5.0,5.0,RCR,0,118719,1.2907252914911298,103.77211445474701,VILLA DE WEST,3.0,5972.0,3.32
373,SEASUITES,96.15,52,50,5,PASIR PANJANG ROAD,5.0,5.0,5.0,RCR,0,117489,1.28070938808961,103.785323249072,THE MAYLEA,14.0,2000.0,3.33
374,SEASUITES,96.15,52,50,5,PASIR PANJANG ROAD,5.0,5.0,5.0,RCR,0,117503,1.29139945043901,103.768850992913,THE SPECTRUM,8.0,3750.0,3.75
375,SEASUITES,96.15,52,50,5,PASIR PANJANG ROAD,5.0,5.0,5.0,RCR,0,118579,1.2794867007018702,103.785756186651,ICON @ PASIR PANJANG,21.0,1900.0,3.8
376,SEASUITES,96.15,52,50,5,PASIR PANJANG ROAD,5.0,5.0,5.0,RCR,0,118633,1.28688028822624,103.78042408802901,GLORIA MANSION,8.0,4000.0,4.0
377,SEASUITES,96.15,52,50,5,PASIR PANJANG ROAD,5.0,5.0,5.0,RCR,0,118617,1.2824208327018898,103.783142732009,SEASUITES,18.0,2400.0,4.0
378,SEASUITES,96.15,52,50,5,PASIR PANJANG ROAD,5.0,5.0,5.0,RCR,0,117425,1.281594624749,103.783177258839,PARC IMPERIAL,10.0,2250.0,4.5
379,SEASUITES,96.15,52,50,5,PASIR PANJANG ROAD,5.0,5.0,5.0,RCR,0,118549,1.2768688804714,103.793176829437,THE CASSANDRA,9.0,2300.0,5.75
380,SEASUITES,96.15,52,50,5,PASIR PANJANG ROAD,5.0,5.0,5.0,RCR,0,117482,1.28783491011907,103.77834329953899,THE ESTIVA,9.0,3000.0,6.0
381,THE ENCLAVE . HOLLAND,100.0,10,10,10,HOLLAND ROAD,10.0,10.0,10.0,CCR,0,278580,1.31236368151804,103.797168759641,LOFT@HOLLAND,22.0,4000.0,1.33
382,THE ENCLAVE . HOLLAND,100.0,10,10,10,HOLLAND ROAD,10.0,10.0,10.0,CCR,0,278555,1.31213029591836,103.80124961511,HOLLAND MANSION,18.0,3000.0,2.0
383,THE ENCLAVE . HOLLAND,100.0,10,10,10,HOLLAND ROAD,10.0,10.0,10.0,CCR,0,NIL,1.31405219760035,103.791269461812,,,,
384,THE ENCLAVE . HOLLAND,100.0,10,10,10,HOLLAND ROAD,10.0,10.0,10.0,CCR,0,278575,1.3126344871372,103.798064584264,SYLVAN LODGE,16.0,3200.0,2.46
385,THE ENCLAVE . HOLLAND,100.0,10,10,10,HOLLAND ROAD,10.0,10.0,10.0,CCR,0,278541,1.3105680797861998,103.801793422088,THE ESTORIL,19.0,3000.0,2.5
386,THE ENCLAVE . HOLLAND,100.0,10,10,10,HOLLAND ROAD,10.0,10.0,10.0,CCR,0,NIL,1.31405219760035,103.791269461812,TOHO MANSION,10.0,5000.0,2.5
387,THE ENCLAVE . HOLLAND,100.0,10,10,10,HOLLAND ROAD,10.0,10.0,10.0,CCR,0,258887,1.30935046456269,103.806952731688,VERDURE,19.0,2000.0,2.5
388,THE ENCLAVE . HOLLAND,100.0,10,10,10,HOLLAND ROAD,10.0,10.0,10.0,CCR,0,258868,1.30953812077317,103.806260290037,HOLLAND MEWS,20.0,4000.0,2.5
389,THE ENCLAVE . HOLLAND,100.0,10,10,10,HOLLAND ROAD,10.0,10.0,10.0,CCR,0,278636,1.31863081799089,103.780686822116,QUINTERRA,11.0,2800.0,2.55
390,THE ENCLAVE . HOLLAND,100.0,10,10,10,HOLLAND ROAD,10.0,10.0,10.0,CCR,0,278537,1.31035486016263,103.802668687297,HOLLANDIA,17.0,1750.0,2.92
391,THE ENCLAVE . HOLLAND,100.0,10,10,10,HOLLAND ROAD,10.0,10.0,10.0,CCR,0,278576,1.31330761763001,103.798039271294,HOLLAND COURT,4.0,5800.0,3.22
392,THE ENCLAVE . HOLLAND,100.0,10,10,10,HOLLAND ROAD,10.0,10.0,10.0,CCR,0,278547,1.31176940658248,103.801709961483,DE LENTE,21.0,2900.0,3.22
393,THE ENCLAVE . HOLLAND,100.0,10,10,10,HOLLAND ROAD,10.0,10.0,10.0,CCR,0,258859,1.30888091521006,103.807669378659,THE HOLLAND COLLECTION,13.0,2950.0,3.28
394,THE ENCLAVE . HOLLAND,100.0,10,10,10,HOLLAND ROAD,10.0,10.0,10.0,CCR,0,258875,1.31132589184196,103.804239112675,DUET,7.0,3000.0,3.33
395,THE ENCLAVE . HOLLAND,100.0,10,10,10,HOLLAND ROAD,10.0,10.0,10.0,CCR,0,278698,1.31846463946906,103.77985852430099,THE SERENADE @ HOLLAND,14.0,2100.0,3.5
396,THE ENCLAVE . HOLLAND,100.0,10,10,10,HOLLAND ROAD,10.0,10.0,10.0,CCR,0,278640,1.3199559113624,103.780575239711,ALLSWORTH PARK,3.0,3500.0,4.38
397,THE ENCLAVE . HOLLAND,100.0,10,10,10,HOLLAND ROAD,10.0,10.0,10.0,CCR,0,275767,1.31767859940237,103.78629956133699,MCMAHON PARK,9.0,4850.0,4.41
398,THE ENCLAVE . HOLLAND,100.0,10,10,10,HOLLAND ROAD,10.0,10.0,10.0,CCR,0,258870,1.31091209773572,103.80464229506799,THE COTERIE @ HOLLAND,9.0,7200.0,4.5
399,THE ENCLAVE . HOLLAND,100.0,10,10,10,HOLLAND ROAD,10.0,10.0,10.0,CCR,0,258853,1.30984313480364,103.808136965462,BOTANIKA,8.0,3000.0,5.0
400,THE ENCLAVE . HOLLAND,100.0,10,10,10,HOLLAND ROAD,10.0,10.0,10.0,CCR,0,NIL,1.31405219760035,103.791269461812,,,,
401,BOULEVARD 88,74.29,35,26,10,ORCHARD BOULEVARD,10.0,10.0,10.0,CCR,26,248648,1.3023181708068898,103.824973438871,ORCHARD BEL AIR,11.0,3500.0,2.69
402,BOULEVARD 88,74.29,35,26,10,ORCHARD BOULEVARD,10.0,10.0,10.0,CCR,26,248645,1.30359895716495,103.825701866623,PARK HOUSE,11.0,2400.0,3.43
403,BOULEVARD 88,74.29,35,26,10,ORCHARD BOULEVARD,10.0,10.0,10.0,CCR,26,237973,1.30383691559691,103.831707804361,THE ORCHARD RESIDENCES,11.0,6000.0,4.0
404,STIRLING RESIDENCES,87.94,680,598,3,STIRLING ROAD,3.0,3.0,3.0,RCR,45,148958,1.29847306939968,103.80101770180401,QUEENS,10.0,7500.0,2.5
405,3 CUSCADEN,36.46,96,35,10,CUSCADEN WALK,10.0,10.0,10.0,CCR,6,NIL,1.30404702556287,103.829121412951,CUSCADEN ROYALE,18.0,2300.0,3.83
406,3 CUSCADEN,36.46,96,35,10,CUSCADEN WALK,10.0,10.0,10.0,CCR,6,249691,1.30392778337541,103.828770248549,THE BOULEVARD RESIDENCE,11.0,3400.0,4.25
407,CASA AL MARE,22.45,49,11,17,JALAN LOYANG BESAR,17.0,17.0,17.0,OCR,0,509383,1.37860805088851,103.957088540398,LOYANG GARDENS,19.0,3050.0,2.54
408,CASA AL MARE,22.45,49,11,17,JALAN LOYANG BESAR,17.0,17.0,17.0,OCR,0,509456,1.3800507958031698,103.96390014472999,BLUWATERS 2,15.0,3400.0,2.62
409,CASA AL MARE,22.45,49,11,17,JALAN LOYANG BESAR,17.0,17.0,17.0,OCR,0,506926,1.3794370861503202,103.960978885551,COASTAL VIEW RESIDENCES,15.0,1500.0,3.0
410,CASA AL MARE,22.45,49,11,17,JALAN LOYANG BESAR,17.0,17.0,17.0,OCR,0,509422,1.37908988698318,103.960558475679,JLB RESIDENCES,15.0,4300.0,3.07
411,CASA AL MARE,22.45,49,11,17,JALAN LOYANG BESAR,17.0,17.0,17.0,OCR,0,509410,1.37852764212201,103.959261426161,LIGHTHOUSE,19.0,2200.0,3.14
412,CASA AL MARE,22.45,49,11,17,JALAN LOYANG BESAR,17.0,17.0,17.0,OCR,0,509506,1.3793919518799902,103.96368774531,CASA PASIR RIS,9.0,2600.0,3.25
413,CASA AL MARE,22.45,49,11,17,JALAN LOYANG BESAR,17.0,17.0,17.0,OCR,0,509504,1.38029080909589,103.964674596342,THE EDGEWATER,4.0,7200.0,3.43
414,CASA AL MARE,22.45,49,11,17,JALAN LOYANG BESAR,17.0,17.0,17.0,OCR,0,509456,1.3800507958031698,103.96390014472999,BLUWATERS,11.0,6900.0,3.63
415,CASA AL MARE,22.45,49,11,17,JALAN LOYANG BESAR,17.0,17.0,17.0,OCR,0,NIL,1.37745327302865,103.956618107327,OCEAN FRONT SUITES,9.0,6300.0,5.25
416,BUKIT 828,52.94,17,9,23,UPPER BUKIT TIMAH ROAD,23.0,23.0,23.0,OCR,1,588177,1.34241264188644,103.776539385406,BEAUTY WORLD CENTRE,21.0,3300.0,2.36
417,BUKIT 828,52.94,17,9,23,UPPER BUKIT TIMAH ROAD,23.0,23.0,23.0,OCR,1,678181,1.3753946162616202,103.762846423505,THE LINEAR,21.0,1900.0,3.17
418,BUKIT 828,52.94,17,9,23,UPPER BUKIT TIMAH ROAD,23.0,23.0,23.0,OCR,1,588176,1.34180018619224,103.776259359854,BEAUTY WORLD PLAZA,10.0,3600.0,3.27
419,BUKIT 828,52.94,17,9,23,UPPER BUKIT TIMAH ROAD,23.0,23.0,23.0,OCR,1,588198,1.3523682032596105,103.76752551690201,THE HILLSIDE,9.0,3800.0,3.45
420,BUKIT 828,52.94,17,9,23,UPPER BUKIT TIMAH ROAD,23.0,23.0,23.0,OCR,1,588178,1.34268815693086,103.776061669312,UOB CENTRE,21.0,1600.0,4.0
421,BUKIT 828,52.94,17,9,23,UPPER BUKIT TIMAH ROAD,23.0,23.0,23.0,OCR,1,588175,1.34114379440251,103.77628017468399,GOH & GOH BUILDING,12.0,1800.0,4.5
422,8 HULLET,79.55,44,35,9,HULLET ROAD,9.0,9.0,9.0,CCR,0,229161,1.30422070655435,103.838389476201,URBAN SUITES,11.0,3100.0,3.1
423,MONT BOTANIK RESIDENCE,11.11,54,6,23,JALAN REMAJA,23.0,23.0,23.0,OCR,0,NIL,1.35833161787518,103.760010714342,,,,
424,MONT BOTANIK RESIDENCE,11.11,54,6,23,JALAN REMAJA,23.0,23.0,23.0,OCR,0,668671,1.35738951423418,103.762088063021,CENTURY MANSIONS,10.0,4000.0,3.33
425,BIJOU,65.83,120,79,5,JALAN MAT JAMBOL,5.0,5.0,5.0,RCR,1,119517,1.27924435663808,103.79237384377,BREEZEWAYS,22.0,4500.0,1.5
